Hotel Name,ADDRESS,State,PHONE,FAX,EMAIL ID,WEBSITE,TYPE,Rooms
The Oberoi Cecil, Ambedkar ChowkChaura Maidan  Shimla - 171004  HIMACHAL PRADESH ,Himachal Pradesh,0177-2804848 ,0177-2811024,reservations@oberoigroup.com,www.oberoihotels.com,Heritage Grand,75
The Lalit Grand Palace, Gupkar Road  Srinagar  JAMMU AND KASHMIR ,Jammu And Kashmir,1942501001,1942501003,srinagar@thelalit.com,NA,Heritage Grand,112
Hotel Fateh Prakash Palace, The City Palace Complex  Udaipur - 313001  RAJASTHAN ,Rajasthan,0294-2528016-9,0294-2528006,mgrfpp@udaipur.hrhindia.com,www.hrhindia.com,Heritage Grand,30
Shiv Niwas Palace, The City Palace Complex Udaipur  Udaipur  RAJASTHAN ,Rajasthan,2942528016,2942528006,maltidutta50@yahoo.com,NA,Heritage Grand,36
Savoy Hotel , 77  Sylks Road  Ootacamund  TAMIL NADU ,Tamil Nadu,423244142,423443318,savoy.ooty@tajhotels.com,NA,Heritage Grand,40
Raheem Residency, 20/1100 Beach Road  Alleppey West - 688 012  KERALA ,Kerala,0477-2230767,0477-2239767,contact@raheemresidency.com,www.raheemresidency.com,Heritage Classic,10
Noor Us Sabah Palace, V.I.P Road Koh-E-Fiza  Bhopal - 462001  MADHYA PRADESH ,Madhya Pradesh,0755-4223333/4239996,0755-4227777,contact@noorussabahpalace.com/reservations@nusp.in,www.noorussabahpalace.com,Heritage Classic,57
The Panjim Inn , 31-ST JANUARY ROAD  FONTAINHAS  PANAJI  Panaji   GOA ,Goa,4564277301,4565273111,visalam@cghearth.com,www.cghearth.com,Heritage Basic,15
Balaram Palace Resort, Chitrassani Village off Abu Palanpur Highway No.14 Banaskantha  BANASKANTHA  GUJARAT ,Gujarat,07926575286  2657638,7926578412,balarampalaceresort@gmail.com,NA,Heritage Basic,22
Nilambag Palace Hotel, Bhavnagar  Bhavnagar  GUJARAT ,Gujarat,02782424241  2429323,2782428072,reservation@nilambagpalace.com,NA,Heritage Basic,28
The Fort Ramgarh, Ramgarh  Panchkula On NH - 73 Delhi Shimla Highway    Chandigarh  Panchkula Distt.  HARYANA ,Haryana,01733253072-75  9814,NA,thefortramgarh@gmail.com,NA,Heritage Basic,12
The Judges Court, Heritage Village Paragpur  Distt. - Kangra - 177107  HIMACHAL PRADESH ,Himachal Pradesh,01970-245035/245335,01970-245823,eries@vsnl.com/info@judgescourt.com,www.judgescourt.com,Heritage Basic,10
The Palace, Chail  Solan HIMACHAL PRADESH ,Himachal Pradesh,1772652704,1772652206,maltidutta50@yahoo.com,NA,Heritage Basic,31
The Castle Naggar, Naggar  Distt. Kullu - 175130  HIMACHAL PRADESH ,Himachal Pradesh,1902248316,1902223429,castle@hptddc.in/kullu@hptdc.in,Www.hptdc.nic.in,Heritage Basic,17
Hotel Cherthala House, Court Junction East of P.M.C. - 5  cherthala - 688 524  KERALA ,Kerala,0475-2223688,,housecherthala@hotmail.com,NA,Heritage Basic,5
Heritaga Methanam, K P XI / 298   Perumpadappu  Kumbalanghi Bridge KERALA ,Kerala,4842248284,4842248284,heritagemethanam@gmail.com/info@heritagemethanam.com,www.heritagemethanam.com,Heritage Basic,7
Old Lighthouse Bristow Hotel , Beach Road Next to SBI Training Center Fort Kochi   Cochin   KERALA ,Kerala,4843050102,NA,reservations@oldlighthousehotel.com,NA,Heritage Basic,11
Hotel Le Colonial , 1/215  Church Road  Vasco-da-Gama Square  Fort Cochin   KERALA ,Kerala,4842217181,4842217184,lecolonial@dataone.in,NA,Heritage Basic,8
Kunnathur Mana Ayurveda Heritage, Door No.VIII/666 Punnayurkulam P.O. Thrissur Dist  Kerala  KERALA ,Kerala,0487 2547552  254755,4872547554,mail@kmaheritage.com,NA,Heritage Basic,7
Old Harbour Hotel, No-1/328  Tower Road  Fort Kochi   Kochi   KERALA ,Kerala,4842218006,NA,raintree@fortcochin.com,NA,Heritage Basic,13
Coconut Lagoon, P.O. Box No. 2 Kumarakom  Kottayam - 686563  KERALA ,Kerala,0481-2524491-2524373,0481-2524495,coconutlagoon@cghearth.com,www.cghearth.com,Heritage Basic,36
Beach Hotel,  Beach Heritage Inn  P  Ltd. Beach Road  Kozhikode - 673032  KERALA ,Kerala,0495-2762055-57,0495-2365363,info@beachheritage.com,www.beachheritage.com,Heritage Basic,6
Palakkad Heritage Hotels, Koduvayur P.O. Palakkad  Dist.  KERALA  ,Kerala,4923252143,4923252144,info@palakkadheritagehotel.com,www.palakkadheritagehotel.com,Heritage Basic,5
Somatheeram Ayurvedic Beach Resort  P  Ltd., P.O. Chowara Via Balaramapuram  Thiruvananthapuram - 695501  KERALA ,Kerala,0471-2268101,0471-2267600,mail@somatheeram.in,www.somatheeram.in,Heritage Basic,42
The Hillway Heritage, Opp. Police Station  State Highway – 1 Kilimanoor P.O.  Thiruvananthapuram - 695601  KERALA ,Kerala,4702673555,NA,mail@hillwayhotels.com,www.hillwayhotels.com,Heritage Basic,6
Ahilya Fort , Ahilya Fort  Maheshwar  W Nimar   Bhopal   MADHYA PRADESH ,Madhya Pradesh,7283273329,NA,info@ahilyafort.com,www.ahilyafort.com,Heritage Basic,15
Hotel Rock End Manor , Pachmarhi Distt.  HOSHANGABAD   MADHYA PRADESH ,Madhya Pradesh,7552774340,7552779476,info@mptourism.com,www.mptourism.com,Heritage Basic,6
Satpura Retreat, Pachmarhi  Dist. Hosangabad  MADHYA PRADESH ,Madhya Pradesh,07578-252097,NA,satpura@mptourism.com,www.mptourism.com,Heritage Basic,6
Hotel Sheesh Mahal , MPSTDC  Orchha  Tikamgarh Dist.   MADHYA PRADESH ,Madhya Pradesh,7552774340,7552779476,info@mptourism.com,www.mptourism.com,Heritage Basic,8
Jehan Numa Palace Hotel , 157  SHAMLA HILL M.P    Bhopal   MADHYA PRADESH ,Madhya Pradesh,755661100,755661720,NA,www.hoteljehanumapalace.com,Heritage Basic,98
Le Dupleix ,  unit of auberge Heritage Hotels  5  CASERNE STREET   Pondicherry  PONDICHERRY ,Pondicherry,4132666001,4132334258,gmldp@sarovarhotels.com,NA,Heritage Basic,21
Calve, A Heritage HotelOld No. 36  New No. 44  Vysial Street  Puducherry - 605 001  PUDUCHERRY ,Pondicherry,0413-2224103-2223738,413-2222613,whclve@gmail.com/calve@vsnl.net,www.calve.in,Heritage Basic,11
Welcome Heritage  Khimsar Fort, Khimsar  RAJASTHAN  ,Rajasthan,1585262345,1585262228,reservation@khimsar.com,NA,Heritage Basic,67
The Bagh , Agra Achnara Road Pucca Bagh Bharatpur  Bharatpur  RAJASTHAN  ,Rajasthan,1733253072,1733253072,contact@thefortramgarh.com,NA,Heritage Basic,29
Gajner Palace, P.O. GajnerTehsil : Kolayat  Bikaner - 334001  RAJASTHAN ,Rajasthan,01534-275061-9,01534-275060,egmnr@gajner.hrhindia.com,www.hrhindia.com,Heritage Basic,45
The Laxmi Niwas Palace , Dr. Karni Singhji Road  Bikaner  RAJASTHAN ,Rajasthan,8322226523,8322435220,panjimin@bsnl.in,NA,Heritage Basic,24
Chomu Palace,   Main ChomuBus Stand  Chomu - 303702  RAJASTHAN ,Rajasthan,01423-300400,01423-300400,gm@chomupalacehotel.com/info@chomupalacehotel.com,www.chomupalacehotel.com,Heritage Basic,58
Bissau Palace , Outside Chandpole Gate   Jaipur  RAJASTHAN ,Rajasthan,1412304371,1412304628,bissau@sancharnet.in,www.bissaupalace.com,Heritage Basic,50
Deogarh Resorts, Deogarh MahalP.O. Deogarh Madariya  Distt. Rajsamand - 313331  RAJASTHAN ,Rajasthan,02904-252777,02904-252555,deogarh@datainfosys.net,www.deogarhmahal.com,Heritage Basic,45
Shikarbadi Hotel, Goverdhan Vilas  Udaipur - 313001  RAJASTHAN ,Rajasthan,0294-2583200/04,0294-2584841,shikarbadi@hrhhotels.com,www.hrhhotels.com,Heritage Basic,25
Welcom Heritage - Koolwal Kothi, House No. 40   Government Hospital RoadNawal Garh District  Jhunjhunu  RAJASTHAN ,Rajasthan,01594-225817,01594-225818,indralokhotels@hotmail.com/holidays@welcomheritagehotels.com,www.welcomheritagehotels.com,Heritage Basic,10
Ajit Bhawan,   Circuit House  Jodhpur - 342 006  RAJASTHAN ,Rajasthan,0291-2513333  251141,0291-2510674,reservations@ajitbhawan.com,www.ajitbhawan.com,Heritage Basic,70
Hotel Samode Palace, Village Samode  Dist. Jaipur - 303806  RAJASTHAN ,Rajasthan,01423-240014,01423-240023,reservations@samode.com,www.samode.com,Heritage Basic,43
Raj Niwas Palace, National Highway-3  Dholpur - 328 001  RAJASTHAN ,Rajasthan,05642-220216,05642-224888,info@dholpurpalace.com,www.dholpurpalace.com,Heritage Basic,20
Hotel Castle Mandawa Pvt.Ltd., Mandawa Jhunjhunu District  Shekhawati - 333704  RAJASTHAN ,Rajasthan,0141-2371194/2374112,0141-2372084,reservation@castlemandawa.com/castle@datainfosys.net,www.castlemandawa.com,Heritage Basic,70
Rohet Garh, Village P.O Rohet Distt. Pali  Rajasthan  RAJASTHAN ,Rajasthan,2936268231,2912649368,rohethouse@dataone.in,NA,Heritage Basic,34
Lake Pichola Hotel, Piplia Haveli  Out Side ChandpoleUdaipur  Rajasthan  Udaipur  RAJASTHAN ,Rajasthan,2942431197,9242430575,maltidutta50@yahoo.com,NA,Heritage Basic,32
The Ramgarh Lodge, Ramgarh Lake Jamwa Ramgarh  Jaipur - 303109  RAJASTHAN ,Rajasthan,01426-214027/214097,01426-252079,ramgarh.jaipur@tajhotels.com,NA,Heritage Basic,14
Hotel Indra Villas , Ward No.2  Village Alsisar   JHUNJHUNU   RAJASTHAN ,Rajasthan,1595275567,1595275567,info@indravilasalsisar.com,NA,Heritage Basic,43
Singhasan Haveli, Goenka Chowk  Mandawa Dist.  JHUNJHUNU  RAJASTHAN ,Rajasthan,1126124069,1126124073,info@singhasanhaveli.com,NA,Heritage Basic,26
Fort Khejarla,  Village Khejarla  Via Bilara  Distt. Jodhpur - 342601  RAJASTHAN ,Rajasthan,02930-258485 - 25848,02930-258485,khejarlafort@gmail.com,www.jodhpurforkhejarla.com,Heritage Basic,38
Sardargarh Heritage Hotel , Sardargarh Fort  Village-Lawa Sardargarh Sardargarh Rajsamand   RAJASTHAN ,Rajasthan,1592223137,1592223137,hotelmandawa@yahoo.co.in,NA,Heritage Basic,24
The Sawai Madhopur Lodge, Ranthambore National Park Road  Sawai Madhopur - 302 005  RAJASTHAN ,Rajasthan,07462-220541,07462-220718,vivanta.sawaimadhopur@tajhotels.com,NA,Heritage Basic,36
Karni Bhawan Palace , Gandhi Colony Bikaner  Bikaner  RAJASTHAN ,Rajasthan,1512524701,1512522408,karnihotels@satam.net.in,NA,Heritage Basic,12
Norkhill Hotel , Stadium Road  Gangtok   SIKKIM ,Sikkim,3592205637,3592205639,norkhill@elginhotels.com,www.elginhotels.com,Heritage Basic,25
Visalam, 7/1/143 LOCAL FUND ROAD  KANADUKATHAN KARAIKUDI  TAMIL NADU ,Tamil Nadu,04565277301  2,4565273111,visalam@cghearth.com,NA,Heritage Basic,15
Hotel Fairhavens Holiday Home, Adacent to Head Post Office Mallital  Nainital  UTTARAKHAND ,Uttarakhand,5942236057,5942236604,fairhavens@rediffmail.com,NA,Heritage Basic,30
The Naini Retreat, Ayarapatta Sloppes  Nainital - 263001  UTTARAKHAND ,Uttarakhand,05942-235105,05942-235103,info@leisurehotels.co.in/bookings@leisurehotels.in,NA,Heritage Basic,32
The Elgin Hotel, 18  H.D. Lama Road  P.O. Darjeeling  WEST BENGAL ,West Bengal,3542257226,3542254267,reservation@elginhotels.com,NA,Heritage Basic,20
Taj Falaknuma Palace , Engine Bowli  Falaknuma   Hyderabad  ANDHRA PRADESH ,Andhra Pradesh,4066298585,4066298586,falaknuma.hyderabad@tajhotels.com,NA,5 Star Deluxe,60
Itc Hotel Kakatiya, 6-3-1187 BEGUMPETnull  Hyderabad  ANDHRA PRADESH ,Andhra Pradesh,402340032,4023401045,itckakatiya@itchotel.in,NA,5 Star Deluxe,188
Eros Hotel Managed By Hilton, S-1 American Plaza  International Trade Tower  Nehru Place  New Delhi - 110 019,Delhi,011-41223344,011-26224288,nehruplace.reservations@hilton.com,www.hilton.com,5 Star Deluxe,216
The Ashok, 50-B Chanakyapuri  New Delhi – 110021,Delhi,011-26110101,011-26873216,ashoknd@ndb.vsnl.net.in,www.theashok.com,5 Star Deluxe,550
Hotel Imperial, Janpath  New Delhi – 110001,Delhi,011-23341234,011-23342255,luxury@theimperialindia.com,www.theimperialindia.com,5 Star Deluxe,233
Hyatt Regency Delhi, Bhikaji Cama Place  New Delhi – 110066,Delhi,011-26791234,011-26791017,delhi.regency@hyatt.com,NA,5 Star Deluxe,508
Itc-The Maurya, ITC Limited Diplomatic Enclave  New Delhi – 110021,Delhi,011-26112233,011-26113333,reservations.itcmaurya@itchotels.in,NA,5 Star Deluxe,440
Le Meridien Hotel, 8  Windsor Place Janpath  New Delhinull  New Delhi,Delhi,1123710101,1123714545,info@lemeridien-newdelhi.com,NA,5 Star Deluxe,358
Taj Palace Hotel , Sardar Patel Marg   New Delhi,Delhi,1126110202,1126110808,palace.delhi@tajhotels.com,NA,5 Star Deluxe,409
The Lalit, Barakhamba Avenue Connaught Place New Delhi – 110001,Delhi,011-44447777,011-44441234,newdelhi@thelalit.com,NA,5 Star Deluxe,457
The Oberoi -  New Delhi, Dr. Zakir Hussain Marg  New Delhi – 110003,Delhi,011-24363030,011-24360484,reservations@oberoigroup.com,NA,5 Star Deluxe,283
Aman  New Delhi, Lodhi Road  New Delhi – 11000,Delhi,1143633333,1143633335,amannewdelhi@amanresorts.com,NA,5 Star Deluxe,68
The Hotel Leela Palace Kempinski, Diplomatic Enclave National Highway No. 8  New Delhi-110037,Delhi,011-39331234  1126779090,011-39331235,reservations.newdelhi@theleela.com,NA,5 Star Deluxe,260
Riviera De Goa Resort, Shimer VaddoXimer  Arpora - 403 518  GOA ,Goa,0832-6655666,0832-2277503,mail@rivieradegoaresorts.com,NA,5 Star Deluxe,104
Vivanta By Taj - Panaji, Off. D.B. Bandodkar RoadSt. Inez  Panaji - 403001  GOA ,Goa,0832-6633636,0832-6633600,vivanta.panaji@tajhotels.com,NA,5 Star Deluxe,172
Vivanta By Taj - Holiday, Dando  Candolim  Bardez - 403 515  GOA ,Goa,0832-6645858,0832-6645502,vivanta.holidayvillage@tajhotels.com,www.vivantabytaj.com,5 Star Deluxe,142
Bell Tower Resorts Pvt.Ltd. , Varca Salcatte-Goa-403721   Salcete   GOA ,Goa,8322772996,8322772996,NA,NA,5 Star Deluxe,106
Hotel Ramada Caravela Beach Resort, Varca Beach  Salcete - 403721  GOA ,Goa,0832-6695000,0832-6695699,caravela.gr@advanihotels.com/reservations.gr@advanihotels.com,www.caravelabeachresort.com,5 Star Deluxe,200
Vivanta By Taj- Fort Aguada, Sinquerim  Bardez - 403519  GOA  ,Goa,0832-6645858,0832-6645868,vivanta.fortaguada@tajhotels.com,www.vivantabytaj.com,5 Star Deluxe,145
Th Lalit Golf & Spa Resort Goa, Bharat Hotels Ltd. Raj Baga Canacona  GOA ,Goa,8322667777,8322667711,goaresv@thelalit.com,NA,5 Star Deluxe,225
Resort Rio, Resort Rio  Tambudki Arpora  Bardez  GOA ,Goa,8322267300,8322267301,gm@resortrio.com,NA,5 Star Deluxe,82
Hotel Cidade De Goa, Vainguinim Beach - 403004  GOA ,Goa,8322454545,08322454541/42,cidadedegoa@cidadedegoa.com,www.cidadedegoa.com,5 Star Deluxe,205
Majorda Beach Resort, MajordaSalcette  Goa – 403713,Goa,0832-288111/6681111,0832-2881121/2881124,acc@majordabeachresortgoa.com,www.majordabeachresort.com,5 Star Deluxe,120
The Leela Kempinski  Goa, MoborCavelossim  Salcette - 403731  GOA ,Goa,8326621234,8322871352,reservations.goa@theleela.com,www.theleela.com,5 Star Deluxe,186
Hotel Trident - Gurgaon, Plot No. 443  Udyog Vihar Phase - V  Gurgaon - 122016  HARYANA ,Haryana,0124-2450505,0124-2450606,reservations@tridenthotels.com,NA,5 Star Deluxe,136
The Leela Kempinski -  Gurgaon,  Ambience Hotels & Resorts Ltd.  Village Nathupur  N.H.-8 Gurgaon  HARYANA ,Haryana,1244771234,1244771235,reservations.gurgaon-delhi@theleela.com,NA,5 Star Deluxe,412
The Bristol Hotel, DLF Qutab Enclave Phase - 1  Gurgaon - 122002  HARYANA ,Haryana,0124-2356030,0124-2357834,contact@thebristolhotel.com,www.thebristolhotel.com,5 Star Deluxe,84
Wildflower Hall,  Mashobara Resort Limited Shimla - 171 012  HIMACHAL PRADESH ,Himachal Pradesh,0177-2648585,0177-2648686,reservations@oberoigroup.com,www.oberoihotels.com,5 Star Deluxe,85
Vivanta By Taj -  Whitefield, ITBP Whitefield  Bangalore - 560066  KARNATAKA ,Karnataka,080-66933333,080-66933344,vivanta.whitefield@tajhotels.com,NA,5 Star Deluxe,199
Hotel Golden Palms Hotel & Spa, NO-31 & 32 GOLDEN PALMS AVENUE OFF TUMKUR ROAD BANGALORE   KARNATAKA ,Karnataka,8023712222,8023710022,info@goldenpalmshotel.com,NA,5 Star Deluxe,170
Itc Hotel Windsor & Towers , WINDSOR SQUARE  25 GOLF COURES ROAD  Bangalore   KARNATAKA ,Karnataka,802269898,802264941,www.welcomgroup.com,NA,5 Star Deluxe,240
The Taj West End, Race Course Road Bangalore  KARNATAKA ,Karnataka,8066605660,8066605700,westend.bengalore@tajhotels.com,NA,5 Star Deluxe,117
Sheraton Banglore At Brigade Gateway, 26/1  Rajajinagar ExtensionDr. Rajkumar Road  Malleswaram West  Bangalore  KARNATAKA ,Karnataka,918041379200,918022210748,diwaker.tyagi@shraton.com,www.brigadegroup.com,5 Star Deluxe,230
The Oberoi Bangalore, 39 Mahatma Gandhi RoadBanglore-560001  Bangalore  KARNATAKA ,Karnataka,918025585858,918025585960,reservations@oberoiblr.com,NA,5 Star Deluxe,160
Vivanta By Taj -  Bangalore, 41/3M.G. Road  Bangalore - 560001  KARNATAKA ,Karnataka,0806660 4444,0806661 4444,vivanta.mgroad@tajhotels.com,www.vivantabytaj.com,5 Star Deluxe,167
Park Plaza, NO. 5 Defence Colony 1st main  Indirangar  KARNATAKA ,Karnataka,42197330,8042452346,sonusarmag@gmail.com,NA,5 Star Deluxe,218
Dream Hotel Cochin, Sahodaran Ayyappan Road Elamkulam Jnction  Kadavanthara Cochin  KERALA ,Kerala,4844129999,4844129898,reservations@dreamcochin.com,NA,5 Star Deluxe,150
Vivanta By Taj - Bekal , Kappil Beach P.O. Udma West Kasaragod - 671319  Kasaragod   KERALA ,Kerala,4672265656,4672265655,tkhanna99@gmail.com,NA,5 Star Deluxe,73
The Lalit Resorts & Spa Bekal, Bevoori  Udma  Taluka: Hosedurgh Distt: Kasargod Kerala  Kasaragod   KERALA ,Kerala,4672237777,4672237575,resvbekal@thelalit.com,NA,5 Star Deluxe,39
Vivanta By Taj - Kovalam, G V Raja Vattappara Road  Kovalam  Thiruvananthapuram - 695 527  KERALA ,Kerala,0471-6613000,0471-2487744,Vivanta.kovalam@tajhotels.com,www.vivantabytaj.com,5 Star Deluxe,59
Vivanta By - Taj Malabar , Willingdon Island Cochin   KERALA ,Kerala,4846643000,4846643182,malabar.cochin@tajhotels.com,NA,5 Star Deluxe,96
The Raviz Kollam, Kollam Royal Park Hotel And Resorts P LtdMathilil  Kollam  KERALA ,Kerala,4742751111,4742741111,info@theraviz.com,www.theraviz.com,5 Star Deluxe,93
Kovalam Resort Private Limited, The Leela Kovalam Kerala  Thiruvananthapuram  KERALA ,Kerala,4713051234,4712481043,reservations.kovalam@theleela.com,NA,5 Star Deluxe,127
The Grand Temple View , Opp. Circuit House   Khajuraho   MADHYA PRADESH ,Madhya Pradesh,786272333,786272123,khajraho@thegrandhotels.net,NA,5 Star Deluxe,47
Hotel Chandela, Airport RoadDist. Chhatarpur  Khajuraho - 471606  MADHYA PRADESH ,Madhya Pradesh,07686-272355  272364,07686-272365  272366,chandela.khajuraho@tajhotels.com,NA,5 Star Deluxe,90
Chalet Hotel, Sector 30 AVashi Navi Mumbai  Mumbai  MAHARASHTRA ,Maharashtra,2227817777,2227817979,reservations@fourpointsvashi.com,NA,5 Star Deluxe,118
Four Seasons Hotel, Dr.E.Moses Road Worli  Mumbai  MAHARASHTRA ,Maharashtra,2266627770,2266627437,reservations.mumbai@fourseasons.com,NA,5 Star Deluxe,202
Hotel Sahara Star , DOMESTIC AIRPORT  VILE PARLE  E   MUMBAI   MAHARASHTRA ,Maharashtra,2239895000,2239895001,www.saharastar.com,NA,5 Star Deluxe,210
Hyatt Regency Mumbai, Sahar Airport RoadAndheri  East   Mumbai - 400 099  MAHARASHTRA ,Maharashtra,022-66961234,022-66961235,mumbai.regency@hyatt.com,www.mumbai.regency.hyatt.com,5 Star Deluxe,401
Le Royal Meridien , SAHAR AIRPORT ROAD ANDHERI  E    Mumbai   MAHARASHTRA ,Maharashtra,2228380000,2228204399,lmmumbai@vsnl.com,NA,5 Star Deluxe,171
Sun-N-Sand Hotels Pvt. Ltd., 39 Juhu Beach  Mumbai - 400 049  MAHARASHTRA ,Maharashtra,022-26201811-6693888,022-26202170,reservations@sunnsandhotel.com,www.sunnsandhotel.com,5 Star Deluxe,120
The Taj Mahal Palace & Tower , Apollo Bunder   Mumbai   MAHARASHTRA ,Maharashtra,2266653366,2266650300,tmhbc.bom@tajhotels.com,www.tajhotels.com,5 Star Deluxe,565
Hotel Le Meridien, R.B.M. Road  Pune - 411001  MAHARASHTRA ,Maharashtra,2026050505,2026050506,lmpune@lemeridien-pune.com,www.lemeridien-pune.com,5 Star Deluxe,117
Hotel Itc Grand Central, 287  Babasaheb Ambedkar Road Parel Mumbai-400012  MAHARASHTRA ,Maharashtra,2224101010,2224101111,itcgrandcentral@itchotels.in,NA,5 Star Deluxe,242
The Leela Kempinski, Sahar  Mumbai - 400 059  MAHARASHTRA ,Maharashtra,022-66911234,022-66911212,reservations.mumbai@theleela.com,www.theleela.com,5 Star Deluxe,393
The Oberoi  Mumbai, Nariman Point  Mumbai - 400021  MAHARASHTRA ,Maharashtra,022-66325757-6632434,022-66324142,reservations@oberoigroup.com,www.oberoihotels.com,5 Star Deluxe,287
The Westin Mumbai Garden City , Oberoi Garden City  International Business Park Goregaon  East    Mumbai   MAHARASHTRA ,Maharashtra,2261470000,2261470101,mumbaigardencity@westin.com,NA,5 Star Deluxe,269
Fariyas Resort  Lonavla, Frichley HillsTungarli  Lonavla - 410401  MAHARASHTRA ,Maharashtra,02114-273852-55,02114-272080,fhrl@fariyas.com,www.fariyas.com,5 Star Deluxe,105
Trident  Nariman Point, Nariman Point  Mumbai - 400 021  MAHARASHTRA ,Maharashtra,022-66324343,022-66325000,reservations@tridenthotels.com,www.tridenthotels.com,5 Star Deluxe,550
Taj Lands End, B.J. RoadBand Stand  Bandra  West   Mumbai - 400050  MAHARASHTRA ,Maharashtra,022-66681234,022-66680957 - 66994,landsend.mumbai@tajhotels.com,www.tajhotels.com,5 Star Deluxe,493
Trident -  Bhubaneswar , CB - 1 Nayapalli  Bhubaneshwar   ORISSA ,Orissa,6742301010,6742301302,reservations@tridenthotels.com,NA,5 Star Deluxe,62
Hotel Mayfair Lagoon, 8-BJaydev Vihar  Bhubaneswar  ORISSA ,Orissa,91 674 6660101,91 674 2360236,lagoon@mayfairhotels.com,www.mayfairhotels.com,5 Star Deluxe,102
Ista Amritsar, G.T. Road Adjoining Alpha One City Centre   Amritsar - 143 001  PUNJAB ,Punjab,0183-2708888,0183-2700186  270999,sales@istaamritsar.com/reservations.amritsar@istahotels.com,www.istahotels.com,5 Star Deluxe,248
Sheraton Rajputana Hotel, Palace Road  Jaipur-302006  RAJASTHAN ,Rajasthan,1415100100,1415102102,reservations.itcrajputana@itchotels.in,www.sheratonrajputana@itcwelcomgroup.in,5 Star Deluxe,218
The Oberoi Rajvilas, Goner Road  Jaipur - 303012  RAJASTHAN ,Rajasthan,1412680101,1412680202,reservations@oberoigroup.com,www.oberoihotels.com,5 Star Deluxe,71
The Oberoi Udaivilas , Haridas Ji Ki Magri   Udaipur   RAJASTHAN ,Rajasthan,2942433300,2942433200,reservations@oberoigroup.com,NA,5 Star Deluxe,87
Country Inn & Suites By Carlson, Country Inn & Suites Khasa Kothi Circle M.I.Road  Jaipur  RAJASTHAN ,Rajasthan,2222686,2222193,mail@goyalfashions.net,NA,5 Star Deluxe,100
The Leela Palace Kempinski, Lake Pichola  Udaipur - 313 001  RAJASTHAN ,Rajasthan,0294-6701234,0294-6701212,businesscentre@theleela.com,www.theleela.com,5 Star Deluxe,80
Jai Mahal Palace Hotel, JACOB ROAD CIVIL LINES  Jaipur  RAJASTHAN ,Rajasthan,1416601111,1416601057,jaimahal.jaipur@tajhotels.com,www.tajhotels.com,5 Star Deluxe,100
Mayfair Spa & Resort,  Lower Samdur Block  Ranipool - 737135  Gangtok  SIKKIM ,Sikkim,0359-2250555/666,0359-2251009,gangtok@mayfairhotels.com,NA,5 Star Deluxe,63
Taj Mount Road, Club House Road  Chennai - 600 002  TAMIL NADU ,Tamil Nadu,044-66313131,044-66313030,clubhouse.chennai@tajhotels.com/mountroad.chennai@tajhotels.com,NA,5 Star Deluxe,220
The Park ,  ANNA SALAI   Chennai  TAMIL NADU  ,Tamil Nadu,4452144000,4452144100,tpch@theparkhotels.com,NA,5 Star Deluxe,214
Vivanta By Taj - Fishermans Cove, Covelong Beach  Kanchipuram Dist. - 603112  TAMIL NADU ,Tamil Nadu,044-67413333,044-67413330,vivanta.fishcove@tajhotels.com,www.vivantabytaj.com,5 Star Deluxe,88
Taj Coromandel, Mahatma Gandhi Salai  Nungambakkam  Chennai - 600 034  TAMIL NADU ,Tamil Nadu,044-66002827,044-66002089,coromandel.chennai@tajhotels.com,www.tajhotels.com,5 Star Deluxe,205
Le Royal Meridien Chennai, G.S.T. Road  St. Thomas Mount  Chennai - 600 016  TAMIL NADU ,Tamil Nadu,044-22314343  435345,044-22314344,reservation@leroyalmeridien-chennai.com,NA,5 Star Deluxe,240
Itc The Mughal, Fatehabad Road Tajganj  Agra - 282 001  UTTAR PRADESH ,Uttar Pradesh,0562-4021700,0562-2331730,reservations.itcmughal@itchotels.in,www.itchotels.in,5 Star Deluxe,233
Jaypee Greens Golf & Spa Resort, G-Block  Surajpur Kasna Road Gautam Budh Nagar  Greater Noida  UTTAR PRADESH ,Uttar Pradesh,1206743000,1202324720,reservation.jggr@jaypeehotels.com,NA,5 Star Deluxe,170
Vivanta By Taj , Vipin Khand Gomti Nagar   Lucknow   UTTAR PRADESH ,Uttar Pradesh,522671100,522671166,residency.lucknow@tajhotels.com,NA,5 Star Deluxe,110
Taj Ganges Varanasi, Nadesar Palace Graounds Nadesar  Varanasi - 221002  UTTAR PRADESH ,Uttar Pradesh,0542-2503001/019,0542-2501343,ganges.varanasi@tajhotels.com,www.tajhotels.com,5 Star Deluxe,130
Radisson Hotel, Taj East Gate Road  Agra - 282 001  UTTAR PRADESH ,Uttar Pradesh,0562-4055555,0562-4055556,reservations@rdagra.in,www.radisson.com,5 Star Deluxe,140
Radisson Mbd Hotel, Sector - 18  Noida - 201 301  UTTAR PRADESH ,Uttar Pradesh,0120-4300000,0120-4303000,reservations@radissonmbd.com,www.radissonblu.com,5 Star Deluxe,126
Holiday Regency, Holiday Regency Om Enclave  KM  Delhi Road   NH-24  Moradabad  UTTAR PRADESH ,Uttar Pradesh,591301235,5913012375,info@holidayregency.com,holidayregency.com,5 Star Deluxe,74
Jaypee Residency Manor, Barlowganj  Mussoorie  UTTARAKHAND ,Uttarakhand,1352631800,1352631022,jrm@jaypeehotels.com,NA,5 Star Deluxe,90
Itc Sonar, Science City  Kolkata-700046  WEST BENGAL ,West Bengal,033-23004516,033-23004500,reservations.itcsonar@itchotels.in,NA,5 Star Deluxe,239
Hotel Ista Hyderabad, Plot No-7  Road No. 2I.T. Park  Nanakramguda  Gachibowali  Hyderabad - 500019  ANDHRA PRADESH ,Andhra Pradesh,040-44508888,040-44509999,sales@istahyderabad.com,www.anandaspa.com,5 Star,157
Hotel Novotel Hyderabad, Novoel & HIVV Complex Cyberabad Post Office  Hyderabad  ANDHRA PRADESH ,Andhra Pradesh,4066824422,4066844422,H6182-re@accor.com,NA,5 Star,288
Novotel Hyderabad Airport , Rajiv Gandhi International Airport Shamshabad  Ranga Reddy Dist   ANDHRA PRADESH ,Andhra Pradesh,4066250000,4066250001,reservations@novotelhyderabadairport.com,NA,5 Star,305
The Gateway Hotel , Beach Road  Visakhapatnam   ANDHRA PRADESH ,Andhra Pradesh,8916623670,8912569867,gateway.visakhapatnam@tajhotels.com,NA,5 Star,95
Taj Deccan - Hyderabad, Road No.1 Banjara Hills  Hyderabad - 34  ANDHRA PRADESH ,Andhra Pradesh,4066662323,4066661313,tdhgm.hyd@tajhotels.com,NA,5 Star,151
Leo Meridian Infrastructure, Bommaraspet  Village Shamirpet Mandal  Ranga Reddy District  ANDHRA PRADESH ,Andhra Pradesh,4066404455,4066627744,info@lmiphl.com,www.lmiphl.com,5 Star,88
Hotel Mountview, Sector 10  Chandigarh  CHANDIGARH ,Chandigarh,1724671111,1722742220,mountview@citcochandigarh.com,NA,5 Star,155
Hotel Crowne Plaza Today, Community Centre  Phase 1  Okhla  New Delhi - 110 020  DELHI ,Delhi,011-40687700-17,011-41634480,reservations@cpokhla.com,www.crowneplaza.com,5 Star,208
Vivanta By Taj Ambassador, Sujan Singh Park Cornwallis Road  New Delhi - 110003  DELHI ,Delhi,011-66261000,011-24632252,vivanta.ambassador@tajhotels.com,www.vivantabytaj.com,5 Star,88
Fortune Select Regina , 376  Off. Fort Aquada Road   Candolim   GOA ,Goa,8323988444,,velu@acronindia.com,NA,5 Star,102
Bogmallo Beach Resort, P.O. Bogmallo  Goa – 403806,Goa,0832-2538222-13,0832-2538236,bbrtwhl@sancharnet.in,www.bogmallobeachresort.com,5 Star,126
Devaaya Ayurveda Spa Resort , DIWAR  ILHAS  GOA,Goa,83222280500,8322280678,www.alconvictorgroup.com,NA,5 Star,57
Holiday Inn Resort, Mobor Beach Cavelossim Salcete Goa,Goa,8322871303,8322871333,NA,NA,5 Star,203
The Crown Goa, Bairo Alto Dos Pilotos  Goa,Goa,8322400000,8322400010,reservations@thecrowngoa.com,NA,5 Star,43
Hotel Neo Majestic, Plot No. 104/1A Porvorim  North Goa,Goa,0832 2410378,0832 2415715,neomajestic@neomajestic.com,www.neomajestic.com,5 Star,50
The Kenilworth Beach Resort & Spa, Utorda  Salcete - 403 713,Goa,0832-6698888,0832-2754183,kenilworthgoa@kenilworthhotels.com,www.kenilworthhotels.com,5 Star,104
Hotel La Calypso Get Aways., Saunta Vaddo  Baga Calangute Road  Calanguta VPBardez Goa,Goa,8322275777,8322275815,reservations@lacalypsohotels.com,www.lacalypsohotels.com,5 Star,14
The  O , S. No. 114/1 Next to Kingfisher Villa  Condolim  Bardez - 403515,Goa,8323047000,8323047009,info@ohotelsindia.com/res.goa@ohotelsindia.com,NA,5 Star,75
Sun-N-Sand Hotel, Bairo Alto Dos Pilotos Jose Falcao Road  Panjim  GOA ,Goa,8322400000,8322400010,resgoa@sunnsandhotel.com,NA,5 Star,43
The Imperial Palace , Dr Yagnik Road   Rajkot   GUJARAT ,Gujarat,2812480000,2812480009,mail@hotelimperialpalace.biz,NA,5 Star,80
Le Meridien, Chand Suraj Estate Nehru Bridge  Khanpur  Ahmedabad  GUJARAT ,Gujarat,7925505505,7925505501,gmoffice.ahmedabad@lemeridien.com,NA,5 Star,63
The Gateway Hotel Ummed, International Airport Circle Hansol  Ahmedabad - 382 475  GUJARAT ,Gujarat,079-66661234,079-66664444,gateway.ahmedabad@tajhotels.com,www.thegatewayhotels.com,5 Star,91
The Galaxy Hotel, NH-8Sector-15  Part-II  Gurgaon - 122001  HARYANA ,Haryana,0124-4565000,0124-4565151,info@galaxyhotel.in,www.galaxyhotel.in,5 Star,80
The Chancery Pavilion, NO-135  RESIDENCY ROAD  BANGALORE  KARNATAKA ,Karnataka,8041414141,8041414242,gm@chanceryhotels.com,NA,5 Star,170
The Zuri - Whitefield, Rajpalya Hoodi – Road Whitefield  Bengaluru - 560048  KARNATAKA ,Karnataka,8066657272,8066657282,reservations@zuribangalore.com,www.thezurihotels.com,5 Star,162
Fortune Park J. P. Palace, No.-3 Abba Road Nazarabad Mohalla  Mysore  KARNATAKA ,Karnataka,8213988444,8213984444,rahul.nama@fortunehotels.in,NA,5 Star,108
Hotel Le Meridien - Bangalore, No. 28  Sankey Road  Bangalore - 560052  KARNATAKA ,Karnataka,080-22262233/2228282,080-22267676/2226205,reservations.bangalore@lemeridien.com/leme.bangalore@lemeridien.com,www.lemeridien-bangalore.com,5 Star,195
Movenpick Hotel & Spa Bangalore, 115 Pipeline Road   BEL Circle Gokula Extension  Bangalore  KARNATAKA ,Karnataka,8043001000,8043001010,hotel.bangalore@moevenpick.com,moevenpick-hotel.com,5 Star,262
Club Mahindra Lakeview, Munner  Chinnakanal VillageVia: Suryanelli  Idukki District - 685618  KERALA ,Kerala,04868-249290-91,04868-249227,gm.munnar@clubmahindra.com,www.clubmahindra.com,5 Star,38
The Quilon Beach Hotel, Beach Kollam-691001  Kollam  KERALA ,Kerala,4742769999,4742749009,crs@qresorts.in,NA,5 Star,95
The Elephant Court, Off Kumily - Thekkady Road Thekkady P.O.  Kumily - 685 536  Idukki District  KERALA ,Kerala,04869-224696 224697 ,04869-224238,info@theelephantcourt.com,www.theelephantcourt.com,5 Star,64
Turtle On The Beach, VPI/43ITDC Road  Kovalam  Trivandrum - 685 527  KERALA ,Kerala,0471-2514000,0471-2514001,info.turtle@thrhotels.com,www.turtleonthebeach.com,5 Star,44
Casino Hotel, Willingdon Island  Cochin - 682 003  KERALA ,Kerala,0484-2668421-2666821,0484-2668001,casinohotel@cghearth.com,www.cghearth.com,5 Star,67
Trident  Cochin, Bristow Road Willingdon Island  Cochin - 682003  KERALA ,Kerala,4843081000,4843081002,reservations@tridenthotels.com,www.tridenthotels.com,5 Star,85
The Gateway Hotel -Ernakulam, Marine Drive Ernakulam  Kochi - 682 011  KERALA ,Kerala,0484-2371471  667330,0484-2371481  667344,gateway.ernakulam@tajhotels.com,www.thegatewayhotels.com,5 Star,108
Kadavu Resort & Ayurveda Centre, NH-17  Calicut Bye Pass Road  Azhijilam KERALA ,Kerala,0483-2830023 027 570,0483-2830575,info@kadavuresorts.com,www.kadavuresorts.com,5 Star,72
The Muthoot Plaza Hotel, Punnen Road  Thiruvananthapuram - 695039  KERALA ,Kerala,0471-2337733,0471-2337734,gmtmp@sarovarhotels.com,www.sarovarhotels.com,5 Star,57
Taj Residency - Trivandrum, C.V. Raman Pillai Road  Thyeaud  Thiruvananthapuram - 695014  KERALA ,Kerala,0471-6612345,0471-6612121,taj.trivandrum@tajhotels.com,www.tajhotels.com,5 Star,137
Hotel Ramada -  Khajuraho, Airport Road  Khajuraho - 471606  MADHYA PRADESH ,Madhya Pradesh,07686-272302-03,07686-272304,reservations@ramadahotelkhajuraho.com,www.ramadahotelkhajuraho.com,5 Star,82
Radisson Jass Hotel, By Pass RoadKhajuraho  Dist Chattarpur  MADHYA PRADESH ,Madhya Pradesh,07686272344/274461,7686272345,reservations@radissionkhajuraho.com,www.radisson.com,5 Star,90
Grand Sarovar Premiere, Junction of Veer Savarkar Flyover & S.V. Road  Goregaon  West -400062  MAHARASHTRA ,Maharashtra,0224215 8000/2871 80,0222871 8001,gm@grandsarovar.com/gsp@sarovarhotels.com,www.grandsarovar.com,5 Star,98
Hotel Meluha, Building 7  Sector-V  Central Avenue Hiranandani Gardens Powai  Mumbai  MAHARASHTRA ,Maharashtra,2225755555,2225755566,sam@meluhafernhotel.com,NA,5 Star,141
Hotel Tunga Regency Pvt.Ltd. , PLOT NO-37  SECTOR 30-A  VASHI   NAVI MUMBAI   Mumbai   MAHARASHTRA ,Maharashtra,2266801818,2266801800,www.tungahotels.com,NA,5 Star,92
Ramada Plaza Palm Grove, Juhu Beach  Mumbai - 400049  MAHARASHTRA ,Maharashtra,022-26112323,022-26113682/2611064,palmgrove@krahejahospitality.com,www.ramadainternational.com,5 Star,115
The Shalimar Hotel , August Kranti Marg   Mumbai   MAHARASHTRA ,Maharashtra,2266641000,2266641010,theshalimarhotel@vsnl.com,www.theshalimarhotel.com,5 Star,65
The Pride Hotel , OPP. AIRPORT WARDHA ROAD   Nagpur   MAHARASHTRA ,Maharashtra,7122291102,7122290440,PRIDE_NGP@SANCHARNET.COM,www.PRIDEGROUP.NET,5 Star,93
Four Points By Sheraton, S.No.197/3  Nagar Road Viman Nagar  Pune  MAHARASHTRA ,Maharashtra,2039406699,2030930930,fo@punefourpoints.com,NA,5 Star,246
Taj Blue Diamond, 11Koregaon Road  Pune - 411001  MAHARASHTRA ,Maharashtra,020-66025555,020-66027755,sandip.mukherjee@tajhotels.com,www.tajhotels.com,5 Star,110
The O Hotel, Survey No.371 Final Plot No.293  Koregaon  Pune - 411001  MAHARASHTRA ,Maharashtra,020-40011000,020-40011009,info@ohotelsindia.com,www.ohotelsindia.com,5 Star,111
Taj Residency - Aurangabad, 8-N-12CIDCO RAUZA BAGH  Aurangabad  MAHARASHTRA ,Maharashtra,2406613737,2406613939,residency.aurangabad@tajhotels.com,NA,5 Star,64
Hotel Sea Princess , 969 Juhu Beach   Mumbai   MAHARASHTRA ,Maharashtra,2226611111,2226611144,seaprincess@vsnl.com,NA,5 Star,108
The Gateway Hotel, P-17  MIDC Ambad Mumbai - Agra Road  Nashik  MAHARASHTRA ,Maharashtra,2535604499,2535603366,residency.nashik@tajhotels.com,www.tajhotels.com,5 Star,70
Hotel Parc Estique, Viman Nagar Nagar Road  Pune - 411014  MAHARASHTRA ,Maharashtra,2041004100,2041004111,cmd@parcestique.com/info@parcestique.com,www.estiquehotels.com,5 Star,116
Radisson Windsor Hotel , Windsor Fountain G.T. Road    BMC Chowk   Jalandhar   PUNJAB ,Punjab,1814671234,815082233,radjal@vsnl.com,NA,5 Star,62
Majestic Park Plaza , BHAI BALA CHOWK  FEROZEPUR ROAD.   Ludhiana   PUNJAB ,Punjab,1612773000,1612771888,www.fhraI.com,NA,5 Star,117
Hotel Mansingh, Sansar Chandra Road  Jaipur  RAJASTHAN ,Rajasthan,01412378771  511  77,1412377582,sales.jpr@mansinghhotels.com,NA,5 Star,95
Hotel Trident  Jaipur, Amber Fort Jal Mahal  Jaipur  RAJASTHAN ,Rajasthan,0141-2670101,0141-2670303,reservations@tridenthotels.com,www.tridenthotels.com,5 Star,134
Fortune Select Metropolitan - Jaipur, Nehru Sahkar Bhawan C-Scheme  Bias Godam Circle  Jaipur  RAJASTHAN ,Rajasthan,911413099010,911413099099,metropolitan@fortunehotels.in,NA,5 Star,90
Chokhi Dhani, The Ethntic Village Resort 12 Miles Via Vatika  Tonk Road  Jaipur - 303905  RAJASTHAN ,Rajasthan,0141-2770555-56,0141-2770558,resort@chokhidhani.com,www.chokhidhani.com,5 Star,97
Inder Residency, Goverdhan Vilas  Shikarbadi Road  Ekling Nagar  Udaipur - 313 001  RAJASTHAN ,Rajasthan,0294-2489888,0294-2488733,seasonshotel@gmail.com,www.inderresidency.in,5 Star,144
Denzong Regency, Cherry Banks Development Area  Gangtok  SIKKIM ,Sikkim,3592201565,35922012568,welcomheritage_denzongregency@hotmail.com,denzongregency.com,5 Star,25
The Gateway Hotel Pasumalai Madurai, 40 T.P.K. Road  Pasumalai  Madurai - 625 004  TAMIL NADU ,Tamil Nadu,0452-6633000,0452-6633081,gateway.madurai@tajhotels.com,www.thegatewayhotels.com,5 Star,63
Radisson Hotel Grt, G S T Road St Thomas Mount Chennai  Chennai  TAMIL NADU ,Tamil Nadu,4422310101,4422310202,reservations@radissongrt.com,NA,5 Star,101
Trident - Chennai, 1/24  GST Road Meenambakkam  TAMIL NADU ,Tamil Nadu,044-22344747,044-22346699,reservations@tridenthotels.com,www.tridenthotels.com,5 Star,167
Hotel Clarks Shiraz, 54 Taj Road  Agra - 282001  UTTAR PRADESH ,Uttar Pradesh,0562-2226121-27,0562-2226128,info@hotelclarksshiraz.com/resv@hotelclarks.in,www.hotelclarksshiraz.com,5 Star,237
Hotel Trident - Agra, Fatehabad Road  Agra  UTTAR PRADESH ,Uttar Pradesh,5622235000,5622231812,reservations@tridenthotels.com,NA,5 Star,138
Country Inn & Suites By Carlson., 64/6  Site – IV Sahibabad   Distt. Ghaziabad  - 201 010  UTTAR PRADESH ,Uttar Pradesh,0120-4180000,0120-4180088,info@cissahibabad.in,www.countryinns.com,5 Star,216
Radisson Hotel Varanasi, The Mall Cantonment  Varanasi Uttar Pradesh  Varanasi  UTTAR PRADESH ,Uttar Pradesh,5422501515,5422501516,reservations@radissonvns.com,NA,5 Star,116
The Gateway Hotel  Agra, Taj Ganj Fatehabad Road  Agra - 282001  UTTAR PRADESH ,Uttar Pradesh,5626602000,5622232420,tajview.agra@tajhotels.com/gateway.agra@tajhotels.com,www.tajhotels.com,5 Star,100
Hotel Hindusthan International, 235/1A.J.C. Bose Road  Kolkata - 700020  WEST BENGAL ,West Bengal,033-40018000-4001808,033-22800111,reservation@hindusthan.com,www.hhihotels.com,5 Star,184
Swissotel Kolkata Neotia Vista, New Town Action Area 2/D Plot No. 11/5 New Town Rajarhat  Kolkata  WEST BENGAL ,West Bengal,913366266666,,subrata.sarkar@swissotel.com,www.swissotel.com,5 Star,147
The Golkonda, Masab Tank  Hyderabad  ANDHRA PRADESH ,Andhra Pradesh,8246660420,8246660585,gateway.mangalore@tajhotels.com,NA,4 Star,94
Palm Beach Hotel, Beach Road  Visakhapatnam - 530 023  ANDHRA PRADESH ,Andhra Pradesh,0891-2754026/27,0891-2731036,info@palmbeachhotel.in,www.palmbeachhotel.in,4 Star,44
Quality Inn Dv Manor, 40-1-47  M.G.ROADVENKATESHWARA PURAM  Vijayawada  ANDHRA PRADESH ,Andhra Pradesh,866474455,866483170,info@hoteldvmanor.com,NA,4 Star,115
Best Western Amrutha Castle, 5-9-16  Saifabad Secretariat  Hyderabad - 500063  ANDHRA PRADESH ,Andhra Pradesh,040-66633888,040-66828222,info@bestwesternamruthacastle.com,www.bestwesternamruthacastle.com,4 Star,90
Hotel Green Park, Greenlands  Begumpet  Hyderabad - 500016  ANDHRA PRADESH ,Andhra Pradesh,040-66515151,4023757677,hyd@hotelgreenpark.com,hotelgreenpark.com,4 Star,149
Hotel Raj Mahal, A.T. RoadPaltan Bazar  Guwahati - 781001  ASSAM ,Assam,0361-2549141,0361-2639282,info@hotelrajmahal.in/hotelrajmahal@vsnl.net,www.hotelrajmahal.in,4 Star,71
Hotel Natraj, H.S. Road  Dibrugarh - 786001  ASSAM ,Assam,0373-2327275,0373-2321375,hotelnatraj09@gmail.com,NA,4 Star,20
Hotel The Royal Plaza, 19  Ashoka Road  New Delhi-110001,Delhi,1143555555,1143555556,reservations@hoteltheroyalplaza.com/info@hoteltheroyalplaza.com,www.hoteltheroyalplaza.com,4 Star,419
Hotel City Park, 3/4  K/P BLOCK PITAMPURA  New Delhi,Delhi,1125468230,1127310110,hotelcitypark@vsnl.net,NA,4 Star,58
Hotel Diplomat, 9  Sardar Patel MargDiplomatic Enclave  New Delhi,Delhi,1123010204,1123018605,NA,NA,4 Star,25
Maidens Hotel, 7 Sham Nath Marg  New Delhi – 110054,Delhi,011-23975464,011-23980771,reservations@oberoigroup.com,www.maidenshotel.com,4 Star,55
The Connaught, 37 Shaheed Bhagat Singh Marg  New Delhi – 110001,Delhi,011-23364225,011-23340757,theconnaughtnewdelhi@yahoo.com,www.theconnaughtnewdelhi.com,4 Star,79
Hotel Vikram, Ring Road  Lajpat Nagar  New Delhi,Delhi,1146515151,1146515152,info@hotelvikram.com,NA,4 Star,68
Lazylagoon Sarovar Portico Suites, Baga - Arpora  Bardez - 403518  GOA ,Goa,0832-2281520,0832-2281527,gmgpo@sarovarhotels.com,www.sarovarhotels.com,4 Star,39
Sun Village Resort, SaquawadiBaga-Arpora Bardez  GOA ,Goa,8322279409,8322279415,sun-village@desouzahotels.com,NA,4 Star,135
Whispering Palms Beach Resort, SINQUERIM BEACH  WADDICANDOLIM  BARDEZ-GOA  GOA ,Goa,4712485766,4712481578,info@whisperingpalms.com,NA,4 Star,197
The Metropole Hotel, R.T.O. Circle  Subhash Bridge Corner  Ahmedabad - 380027   ,Gujarat,079-30130200,079-30130208,info@themetropolehotel.co.in,www.themetropolehotel.co.in,4 Star,70
Hotel Fortune Palace, Digjam CircleAirport Road  Jamnagar - 361 008  GUJARAT ,Gujarat,0288-2720291,0288-2720296,hotelfortunepalace@yahoo.com,www.hotelfortunepalace.in,4 Star,45
Fortune Inn Haveli, Plot No. 235 Sector - 11  Gandhinagar  GUJARAT ,Gujarat,7939884422,7939842121,haveli@fortunehotels.in,www.fortunehotels.in,4 Star,84
Hotel The Grand Bhagwati, Gurudwara Bodakdev  S.G. Highway  Ahmedabad - 380 054  GUJARAT ,Gujarat,7926841000,7926840915,info@thegrandbhagwati.com,www.thegrandbhagwati.com,4 Star,37
Optus Sarovar Premiere Hotel, SCO 43-47 Sector - 28  City Centre  Gurgaon - 122002   ,Haryana,0124-4887777,0124-4887788,spg@sarovarhotels.com,www.sarovarhotels.com,4 Star,80
Park Premier, 359-357 Sector - 29  Gurgaon - 122 001  HARYANA ,Haryana,0124-4604600,0124-4604666,info@parkpremierhotels.com,www.parkpremierhotels.com,4 Star,94
The Bella Vista, SM 8  City Centre Sector 5  Panchkula  HARYANA ,Haryana,1725064848,1725023802,sales@bellavista.in,NA,4 Star,49
Fortune Select Global, 2nd Floor  Global ArcadeM.G. Road  Gurgaon  HARYANA ,Haryana,0124-4196666,0124-4062388,global@fortunehotels.in,www.fortunehotelsin,4 Star,83
Courtyard By Marriott, Plot No. 27 B Sushant Lok - 1  Sector - 27  Gurgaon - 122 002  HARYANA ,Haryana,0124-4888444,0124-4888222,www.courtyardmarriottgurgaon.com,NA,4 Star,198
Fortune Park J.P.Celestial, No 5/43  Seshadri Road  Race Course Road  Bangalore-09  KARNATAKA ,Karnataka,8040441234,8041476060,jpcelestial@fortunehotels.in,www.fortunehotels.in,4 Star,130
The Gatwway Hotel - Chikmagalur, KM Road Jyothi Nagar  Chikmagalur - 577102  KARNATAKA ,Karnataka,08262-660660-61,08262-660666,gateway.chikmagalur@tajhotels.com,www.thegatewayhotels.com,4 Star,29
Raj Residency,   New bus standAlamipally  Kanhangad  KERALA ,Kerala,4672208444,4672217294,rajgrouphotels@gmail.com,rajgrouphotels.com,4 Star,198
Hotel Maurya Rajadhani, Stat GL Hospital Road Statue  Trivandrum  KERALA ,Kerala,4712472299,4712472299,maurya@rajadhanihotels.com,NA,4 Star,39
Keys Hotels, Fire & Rescue Services Housing Board junction  Trivandrum  KERALA ,Kerala,4713944100,4713983800,reservations.thiruvananthapuram@keyshotels.com,keyshotels.com,4 Star,101
Hotel Blue Nile, S.N. Park Road  Kannur - 670 001  KERALA ,Kerala,0497-2760077  276478,0497-2768844,mail@hotelbluenile.com,www.hotelbluenile.com,4 Star,39
Hotel Amruthaa International, St. Benedict Road  Ernakulam  Kochi - 682 018  KERALA ,Kerala,0484-2398222-4192222,0484-4050551,amruthaainternational@gmail.com,NA,4 Star,26
Fragrant Nature Retreat And Resort Pvt. Ltd., Building No. CPI/07-20A Nedungolam P.O.  Paravur  Kollam  KERALA ,Kerala,4742514000,4742518021,enquiries@fragrantnature.com,www.fragrantnature.com,4 Star,18
Hotel Presidency, Paramara Road Ernakulam Town  Kochi  KERALA ,Kerala,4842394300,4842393222,presid@vsnl.com,NA,4 Star,49
Hotel Raj Regency, Chelakkara road Pazhayannur  Thrissur  KERALA ,Kerala,4884226877,4884666977,rajregencypnr@gmail.com,NA,4 Star,10
Ats Residency, Yakkara Branch Road D.P Office  Palakkad  KERALA ,Kerala,4912537477,4912523182,info@atshotels.com,atsresidency.com,4 Star,20
The Royale Gardens, Nangiarkulangara P.O.Haripad - Alleppey District  Kerala - 690513  KERALA ,Kerala,0479-2404000,0479-2404999,info@theroyalegardens.com,www.theroyalegardens.com,4 Star,34
Hotel Srivatsa Regency, Pittupeedika  Main Road Koduvayur  Palakkad  KERALA ,Kerala,4923251119,4923254119,hotelsrivatsaregency@gmail.com,www.hotelsrivatsaregency.com,4 Star,12
Hotel Hills Park, Kumbazha Road Pathanamthitta District  Kerala  KERALA ,Kerala,4682226262,NA,hotelhillspark@gmail.com,NA,4 Star,15
Neelamabari Suite, Villanchira Thalakkodu P.O.Neriyamangalam  Ernakulam  KERALA ,Kerala,4852555123,4852555133,infor@neelabarisuite.com,neelabarisuite.com,4 Star,22
Excalibur Hotels & Resorts, Carithas Junction MC Road Thellakon  Kottayam  KERALA ,Kerala,4812791781,4812711784,hotel.excalibur@gmail.com,www.excalibur.in,4 Star,20
Raj Residency, New bus stand Alamipally  Kanhangad  KERALA ,Kerala,4672208444,4672217294,rajgrouphotels@gmail.com,rajgrouphotels.com,4 Star,198
Muthoot Cardamom County Resort, Kumily  PO Thekkady  Idukki  Dist.  - 685536  KERALA ,Kerala,04869-224501,04869-222869/222807,reservations@muthoothotels.com,www.raxacollective.com,4 Star,44
Hotel White Dammar International, Pappanamcode  Trivandrum - 695 018  KERALA ,Kerala,4712496601,4712496602,whitedammar@gmail.com,hotelwhitedammar@gmail.com,4 Star,12
Hotel Sp Grand Days, Panavila JnThycaud P.O.  Thiruvananthapuram - 695014  KERALA ,Kerala,0471-2333344,0471-2321000,mail@spgranddays.com,www.spgranddays.com,4 Star,69
Hotel Peninsula Park Residency, Motel and Resorts Pvt. Ltd.Parakode  Adoor  Pathanamthitta Dist.  KERALA ,Kerala,4734243435,4734243345,parkresidency.park@gmail.com,NA,4 Star,20
Hotel Indraprastha, Pattazhi P.O.Pathanapuram  Kollam Dist.-691522  KERALA ,Kerala,04752039600 2397888-,4752397889,indraprasthapattazhi@yahoo.com,NA,4 Star,14
Hotel Mangala Towers, Paliyam Road Bus Stand  Thrissur - 680001  KERALA ,Kerala,04872327461/2/3,4872325365,mangalatowers@gmail.com,www.hotelmangalatowers.com,4 Star,24
Hotel Soorya Regency, Calicut By-Pass RoadKavungal  Malappuram - 676505  KERALA ,Kerala,0483-2735674-76,0483-2735677,sooryaregency@gmail.com,www.sooryaregency.com,4 Star,13
Hotel Moonlit Regency, 4  Lane JunctionVengallor Muvatupuzha Road  Thodupuzha Idukki District-685584  KERALA ,Kerala,04862-229936/229937,04862-229938,info@moonlitregency.com/hotelmoonlit@ymail.com,NA,4 Star,22
Hotel Sky Pearl, Chovva  Kannur - 670006  KERALA ,Kerala,0479-5265060,0479-2786443,hotelskypearl@gmail.com,NA,4 Star,28
The Royal Fort, Hospital JunctionKundara P.O.  Kollam Dist. - 691501  KERALA ,Kerala,0474-2520001-02-03,0474-2520004,info@theroyalfort.com,www.theroyalfort.com,4 Star,12
Hotel Soorya Galaxy, 13/158 A  Calicut Road  Cheruvannur  P.O. Feroke  Calicut - 673731  KERALA ,Kerala,0495-2485150/2485240,0495-2455330,sooryagalaxy@gmail.com,NA,4 Star,12
Cochin Seaport Hotel, Thekken MalipuramVypin  Cochin - 682 508  KERALA ,Kerala,9846032737,0484-2503757,seaporthotels@gmail.com,www.cochinseaporthotel.com,4 Star,25
The Avenue Regent, 39/2026 M.G. Road  Kochi  KERALA ,Kerala,4842377977,484237529,avenueregent@avenuehotels.in,NA,4 Star,55
Spice Village, Thekkady - Kumily Road  Thekkady - 685536  KERALA ,Kerala,04869-224514,04869-222317,spicevillage@cghearth.com,www.cghearth.com,4 Star,52
Hotel Midhila Regency, Pattambi road  Cherpulassery Palakkad Dist.  kerala  KERALA ,Kerala,NA,NA,maltidutta50@yahoo.com,NA,4 Star,10
Hotel Soorya Swagat, Pudussery EastPalakkad  Walayar  KERALA ,Kerala,4912863100,4912863103,www.sooryaswagath.in,NA,4 Star,14
The Hotel Elegance, Karuvanchal POThalimapram  Kannur  KERALA ,Kerala,4602247400,460247400,maltidutta50@yahoo.com,NA,4 Star,13
K R Grand Residency, Parayil Market RoadKunnamkulam  Thrissur  KERALA ,Kerala,4885211563,NA,maltidutta50@yahoo.com,NA,4 Star,14
Hotel Dona Castle, Kottamukku  Kollam  KERALA ,Kerala,4742766669,4742760099,donacastle@gmail.com,www.hoteldonacastle.com,4 Star,31
Hotel Fairmont, S.H. Mount M.C. Road  Kottayam  KERALA ,Kerala,4812569256,4812569246,info@hotelfairmont.in,www.hotelfairmont.in,4 Star,30
Hotel Anandha Inn Pvt. Ltd., NO-154 S.V PATEL ROAD  PONDICHERRY  KERALA ,Kerala,4132233000,4132331241,checkin@anandhainn.com,www.anandhainn.com,4 Star,70
Niya Regency, Elthuruth Junction Chettupuzha P.O.  Thrissur  KERALA ,Kerala,4872363667,4872363667,niyaregency@gmail.com,www.niyaregency.com,4 Star,20
The South Park, M.G. Road  Trivandrum - 695 034  KERALA ,Kerala,0471-2333333  324233,0471-2331861,reservations@thesouthpark.com,www.thesouthpark.com,4 Star,82
Uday Samudra Leisure Beach Hotel, G.V.Raja Road Samudra Beach Kovalam  Trivandrum  KERALA ,Kerala,1246563228,1246563174,toshali@nde.vsnal.net.in,www.toshalinet.com,4 Star,50
Seasons Service Apartments, SANEWADI AUNDH  PUNE  Malad  MAHARASHTRA ,Maharashtra,2040009999,2040009888,info@seasonsaundh.com,NA,4 Star,46
Hotel Bawa International, NEHRU ROAD EXTN.  DOMESTIC AIRPORT VILE PARLE  E   Mumbai,Maharashtra,2226113636,2226107096,mail.bawaintl@vsnl.com,NA,4 Star,76
Hotel Courtyard By Marriott, International Airport CTS No. 215  Andheri Kurla Road  Andheri  East   Mumbai,Maharashtra,2261479922,2261479944,reservations.mumbai@courtyard.com,NA,4 Star,282
Hotel Midtown Pritam, Dharamputra Pritam Estate Dr.Ambedkar Road  Dadar T.T  Mumbai-400014,Maharashtra,022-24145555/6580663,022-24143388,reservations@pritamhotels.com,www.pritamhotels.com,4 Star,60
Hotel Trident, C-56  G-Block Bandra Kurla Complex  Mumbai,Maharashtra,2266727777,2266727788,reservations@tridenthotels.com,tridenthotels.com,4 Star,436
Hotel Tunga Regale, Plot No. 31  Phase IIMIDC  Central Road  Andheri  East   Mumbai – 400093,Maharashtra,022-66726672,022-66726666,regale@tungahotels.com,www.tungahotels.com,4 Star,54
Ramee Guestline Hotel, Plot No. 3 Kohinoor Road  Dadar  East   Mumbai - 400014,Maharashtra,022-24177900/2411565,022-24127503,mumbai.dadar@rameeguestlinehotels.com,www.ramee-group.com,4 Star,58
K. Raheja Corp. Pvt. Ltd.  The Resort , 11 Aksa Beach Malad  West   Mumbai - 400 095,Maharashtra,022-28447777,022-28804444 - 28818,resv@theresortmumbai.com/the_resort@vsnl.com,NA,4 Star,94
Hotel Sagar Plaza, 1 Bund Garden Road  Pune - 411001,Maharashtra,020-26205000,020-26122633,reservations@hotelsagarplaza.com/info@hotelsagarplaza.com,www.hotelsagarplaza.com,4 Star,76
The Central Park Hotel, Bund Garden Road Council Hall  Pune - 411 001,Maharashtra,022-66641000,022-66641010,reservations@thecentralparkhotel.com,www.thecentralparkhotel.com,4 Star,74
Holiday Inn Mumbai International Airport, Mohali VillageAndhri Kurla Road  Sakinaka junction  Mumbai,Maharashtra,2240851800,2240851828,maltidutta50@yahoo.com,NA,4 Star,225
Hotel Polo Tower, Oakland RoadPolo Grounds  Shillong - 793001  MEGHALAYA ,Meghalaya,0364-2222341-42,0364-2220090,hptfo@rediffmail.com,www.hotelpolotowers.com,4 Star,50
M.K.Hotel, DISTRICT SHOPPING CENTRE RANJIT AVENUE  Amritsar  PUNJAB ,Punjab,1832504610,1832507910,MKHOTEL123@SANCHARNET.IN,www.mkhotel.com,4 Star,75
The Maya Hotel  Maya Inns Ltd. , JALANDHAR CITYEH-178 CIVIL LINES BMC CROSSIN  JALANDHAR CITY-144001  PUNJAB ,Punjab,0181 4688700/22,1812452301,mayajal@mayahotels.in,www.mayahotels.in,4 Star,53
